rememberMe,email,password,newPassword,description,availabilityType,availableHours,earnTarget,languageName,languageLevel,updateLanguageName,updateLanguageLevel,skill,experienceLevel,updateSkill,updateExperienceLevel,certiName,certiForm,certiYear,updateCerName,updateCerForm,updateCerYear,skillTitle,skillDescription,skillCategoryId,skillSubcategoryId,tagsId1,tagsText1,tagsId2,tagsText2,skillServiceType,skillLocationType,skillStartDate,skillEndDate,skillStartTime,skillEndTime,skillAvailable,skillTradeId,skillTradeText,isTradable,skillCharge,skillCredentials,skillIsActive,updateSkillTitle,updateSkillDescription,updateSkillCategoryId,updateSkillSubcategoryId,updateTagsId1,updateTagsText1,updateTagsId2,updateTagsText2,updateSkillServiceType,updateSkillLocationType,updateSkillStartDate,updateSkillEndDate,updateSkillStartTime,updateSkillEndTime,updateSkillAvailable,updateSkillTradeId,updateSkillTradeText,updateIsTradable,updateSkillCharge,updateSkillCredentials,updateSkillIsActive,
False,eddie123456@gmail.com,eddie123,eddie1234,Hi I am Eddie!!,0,0,0,Chinese,Fluent,Cantonese,Conversational,Jazz,Beginner,Blues,Intermediate,Master of Jazz,MusicWorld,2023,Master of Blue,MusicLive,2022,CSOL,"I love to play CSOL, welcome to join me!",8,5,CSOL,CSOL,FPS Game,FPS Game,0,1,2023/8/30,2023/9/30,0:00,14:30,true,CSGO,CSGO,true,0,true,true,LOL,Hi!!Anyone play LOL?,8,5,LOL,LOL,Games,Games,1,0,2023/10/30,2023/11/30,12:00,14:30,true,Hero,Hero,true,0,true,true,true
False,eddie123456@gmail.com,eddie,,,,,,,,,,,,,,,,,,,,,,,,,,,,,,,,,,,,,,,,,,,,,,,,,,,,,,,,,,,,,,
False,eddie@gmail.com,eddie1234,,,,,,,,,,,,,,,,,,,,,,,,,,,,,,,,,,,,,,,,,,,,,,,,,,,,,,,,,,,,,,
False,eddie@gmail.com,eddie,,,,,,,,,,,,,,,,,,,,,,,,,,,,,,,,,,,,,,,,,,,,,,,,,,,,,,,,,,,,,,
False,,,,,,,,,,,,,,,,,,,,,,,,,,,,,,,,,,,,,,,,,,,,,,,,,,,,,,,,,,,,,,,,
False,eddie123456@gmail.com,,,,,,,,,,,,,,,,,,,,,,,,,,,,,,,,,,,,,,,,,,,,,,,,,,,,,,,,,,,,,,,
False,,eddie1234,,,,,,,,,,,,,,,,,,,,,,,,,,,,,,,,,,,,,,,,,,,,,,,,,,,,,,,,,,,,,,
False,eddie123456@gmail.com,12312sadsadasd12easdasdc@!#$!@$!@,,,,,,,,,,,,,,,,,,,,,,,,,,,,,,,,,,,,,,,,,,,,,,,,,,,,,,,,,,,,,,
False,eddie1234@!@#!@gmail.com,eddie1234,,,,,,,,,,,,,,,,,,,,,,,,,,,,,,,,,,,,,,,,,,,,,,,,,,,,,,,,,,,,,,
False,adhgawiuhdoiuawdhiuahuihsauighauidaiudadiuashdaduisahdiua@yuifguiasdiahsduiahds.com,edasdasrfesfsad3442314c 3564566,,,,,,,,,,,,,,,,,,,,,,,,,,,,,,,,,,,,,,,,,,,,,,,,,,,,,,,,,,,,,,
true,eddie123456@gmail.com,eddie1234,eddie123,,,,,Chinese,Fluent,Cantonese,Conversational,Jazz,Beginner,Blues,Intermediate,Master of Jazz,MusicWorld,2023,Master of Blue,MusicLive,2022,CSOL,"I love to play CSOL, welcome to join me!",8,5,CSOL,CSOL,FPS Game,FPS Game,0,1,2023/8/30,2023/9/30,0:00,14:30,true,CSGO,CSGO,true,0,true,true,LOL,Hi!!Anyone play LOL?,8,5,LOL,LOL,Games,Games,1,0,2023/10/30,2023/11/30,12:00,14:30,true,Hero,Hero,true,0,true,true,true
False,eddie123456@gmail.com,eddie123,eddie1234,Hi I am Eddie!!,1,1,1,Chinese,Fluent,Cantonese,Conversational,Jazz,Beginner,Blues,Intermediate,Master of Jazz,MusicWorld,2023,Master of Blue,MusicLive,2022,CSOL,"I love to play CSOL, welcome to join me!",8,5,CSOL,CSOL,FPS Game,FPS Game,0,1,2023/8/30,2023/9/30,0:00,14:30,true,CSGO,CSGO,true,0,true,true,LOL,Hi!!Anyone play LOL?,8,5,LOL,LOL,Games,Games,1,0,2023/10/30,2023/11/30,12:00,14:30,true,Hero,Hero,true,0,true,true,true
False,eddie123456@gmail.com,eddie1234,eddie123,Hi I am Eddie!!,2,2,2,Chinese,Fluent,Cantonese,Conversational,Jazz,Beginner,Blues,Intermediate,Master of Jazz,MusicWorld,2023,Master of Blue,MusicLive,2022,CSOL,"I love to play CSOL, welcome to join me!",8,5,CSOL,CSOL,FPS Game,FPS Game,0,1,2023/8/30,2023/9/30,0:00,14:30,true,CSGO,CSGO,true,0,true,true,LOL,Hi!!Anyone play LOL?,8,5,LOL,LOL,Games,Games,1,0,2023/10/30,2023/11/30,12:00,14:30,true,Hero,Hero,true,0,true,true,true
False,eddie123456@gmail.com,eddie123,eddie1234,Hi I am Eddie!!,,,,Chinese,Fluent,Cantonese,Conversational,Jazz,Beginner,Blues,Intermediate,Master of Jazz,MusicWorld,2023,Master of Blue,MusicLive,2022,CSOL,"I love to play CSOL, welcome to join me!",8,5,CSOL,CSOL,FPS Game,FPS Game,0,1,2023/8/30,2023/9/30,0:00,14:30,true,CSGO,CSGO,true,0,true,true,LOL,Hi!!Anyone play LOL?,8,5,LOL,LOL,Games,Games,1,0,2023/10/30,2023/11/30,12:00,14:30,true,Hero,Hero,true,0,true,true,true
False,eddie123456@gmail.com,eddie1234,eddie123,HELLO EVERYONE!!!,,,,Chinese,Fluent,Cantonese,Conversational,Jazz,Beginner,Blues,Intermediate,Master of Jazz,MusicWorld,2023,Master of Blue,MusicLive,2022,CSOL,"I love to play CSOL, welcome to join me!",8,5,CSOL,CSOL,FPS Game,FPS Game,0,1,2023/8/30,2023/9/30,0:00,14:30,true,CSGO,CSGO,true,0,true,true,LOL,Hi!!Anyone play LOL?,8,5,LOL,LOL,Games,Games,1,0,2023/10/30,2023/11/30,12:00,14:30,true,Hero,Hero,true,0,true,true,true
False,eddie123456@gmail.com,eddie123,eddie1234,   ,,,,Chinese,Fluent,Cantonese,Conversational,Jazz,Beginner,Blues,Intermediate,Master of Jazz,MusicWorld,2023,Master of Blue,MusicLive,2022,CSOL,"I love to play CSOL, welcome to join me!",8,5,CSOL,CSOL,FPS Game,FPS Game,0,1,2023/8/30,2023/9/30,0:00,14:30,true,CSGO,CSGO,true,0,true,true,LOL,Hi!!Anyone play LOL?,8,5,LOL,LOL,Games,Games,1,0,2023/10/30,2023/11/30,12:00,14:30,true,Hero,Hero,true,0,true,true,true
False,eddie123456@gmail.com,eddie1234,eddie123,aaaaaaaaaaaaaaaaaaaaaaaaaaaaaaaaaaaaaaaaaaaaaaaaaaaaaaaaaaaaaaaaaaaaaaaaaaaaaaaaaaaaaaaaaaaaaaaaaaaaaaaaaaaaaaaaaaaaaaaaaaaaaaaaaaaaaaaaaaaaaaaaaaaaaaaaaaaaaaaaaaaaaaaaaaaaaaaaaaaaaaaaaaaaaaaaaaaaaaaaaaaaaaaaaaaaaaaaaaaaaaaaaaaaaaaaaaaaaaaaaaaaaaaaaaaaaaaaaaaaaaaaaaaaaaaaaaaaaaaaaaaaaaaaaaaaaaaaaaaaaaaaaaaaaaaaaaaaaaaaaaaaaaaaaaaaaaaaaaaaaaaaaaaaaaaaaaaaaaaaaaaaaaaaaaaaaaaaaaaaaaaaaaaaaaaaaaaaaaaaaaaaaaaaaaaaaaaaaaaaaaaaaaaaaaaaaaaaaaaaaaaaaaaaaaaaaaaaaaaaaaaaaaaaaaaaaaaaaaaaaaaaaaaaaaaaaaaaaaaaaaaaaaaaaaaaaaaaaaaaaaaaaaaaaaaaaaaaaaaaaaaaaaaaaaaaaaaaaaaaaaaaaaaaaaaaaaaaaaaaaaaaaaaaaaaaaaaaaaaaa,,,,Chinese,Fluent,Cantonese,Conversational,Jazz,Beginner,Blues,Intermediate,Master of Jazz,MusicWorld,2023,Master of Blue,MusicLive,2022,CSOL,"I love to play CSOL, welcome to join me!",8,5,CSOL,CSOL,FPS Game,FPS Game,0,1,2023/8/30,2023/9/30,0:00,14:30,true,CSGO,CSGO,true,0,true,true,LOL,Hi!!Anyone play LOL?,8,5,LOL,LOL,Games,Games,1,0,2023/10/30,2023/11/30,12:00,14:30,true,Hero,Hero,true,0,true,true,true
False,eddie123456@gmail.com,eddie123,eddie1234,Hi I am Eddie!!,1,1,1,,Fluent,,Conversational,Jazz,Beginner,Blues,Intermediate,Master of Jazz,MusicWorld,2023,Master of Blue,MusicLive,2022,CSOL,"I love to play CSOL, welcome to join me!",8,5,CSOL,CSOL,FPS Game,FPS Game,0,1,2023/8/30,2023/9/30,0:00,14:30,true,CSGO,CSGO,true,0,true,true,LOL,Hi!!Anyone play LOL?,8,5,LOL,LOL,Games,Games,1,0,2023/10/30,2023/11/30,12:00,14:30,true,Hero,Hero,true,0,true,true,true
False,eddie123456@gmail.com,eddie1234,eddie123,Hi I am Eddie!!,1,1,1,Chinese,,Cantonese,,Jazz,Beginner,Blues,Intermediate,Master of Jazz,MusicWorld,2023,Master of Blue,MusicLive,2022,CSOL,"I love to play CSOL, welcome to join me!",8,5,CSOL,CSOL,FPS Game,FPS Game,0,1,2023/8/30,2023/9/30,0:00,14:30,true,CSGO,CSGO,true,0,true,true,LOL,Hi!!Anyone play LOL?,8,5,LOL,LOL,Games,Games,1,0,2023/10/30,2023/11/30,12:00,14:30,true,Hero,Hero,true,0,true,true,true
False,eddie123456@gmail.com,eddie123,eddie1234,Hi I am Eddie!!,1,1,1,Chinese,Fluent,Cantonese,Conversational,Jazz,,Blues,Intermediate,Master of Jazz,MusicWorld,2023,Master of Blue,MusicLive,2022,CSOL,"I love to play CSOL, welcome to join me!",8,5,CSOL,CSOL,FPS Game,FPS Game,0,1,2023/8/30,2023/9/30,0:00,14:30,true,CSGO,CSGO,true,0,true,true,LOL,Hi!!Anyone play LOL?,8,5,LOL,LOL,Games,Games,1,0,2023/10/30,2023/11/30,12:00,14:30,true,Hero,Hero,true,0,true,true,true
False,eddie123456@gmail.com,eddie1234,eddie123,Hi I am Eddie!!,1,1,1,Chinese,Fluent,Cantonese,Conversational,,Beginner,,Intermediate,Master of Jazz,MusicWorld,2023,Master of Blue,MusicLive,2022,CSOL,"I love to play CSOL, welcome to join me!",8,5,CSOL,CSOL,FPS Game,FPS Game,0,1,2023/8/30,2023/9/30,0:00,14:30,true,CSGO,CSGO,true,0,true,true,LOL,Hi!!Anyone play LOL?,8,5,LOL,LOL,Games,Games,1,0,2023/10/30,2023/11/30,12:00,14:30,true,Hero,Hero,true,0,true,true,true
False,eddie123456@gmail.com,eddie123,eddie1234,Hi I am Eddie!!,2,2,2,Chinese,Fluent,Cantonese,Conversational,Jazz,Beginner,Blues,Intermediate,,MusicWorld,2023,,MusicLive,2022,CSOL,"I love to play CSOL, welcome to join me!",8,5,CSOL,CSOL,FPS Game,FPS Game,0,1,2023/8/30,2023/9/30,0:00,14:30,true,CSGO,CSGO,true,0,true,true,LOL,Hi!!Anyone play LOL?,8,5,LOL,LOL,Games,Games,1,0,2023/10/30,2023/11/30,12:00,14:30,true,Hero,Hero,true,0,true,true,true
False,eddie123456@gmail.com,eddie1234,eddie123,Hi I am Eddie!!,0,0,0,Chinese,Fluent,Cantonese,Conversational,Jazz,Beginner,Blues,Intermediate,Master of Jazz,,2023,Master of Blue,,2022,CSOL,"I love to play CSOL, welcome to join me!",8,5,CSOL,CSOL,FPS Game,FPS Game,0,1,2023/8/30,2023/9/30,0:00,14:30,true,CSGO,CSGO,true,0,true,true,LOL,Hi!!Anyone play LOL?,8,5,LOL,LOL,Games,Games,1,0,2023/10/30,2023/11/30,12:00,14:30,true,Hero,Hero,true,0,true,true,true
False,eddie123456@gmail.com,eddie123,eddie1234,Hi I am Eddie!!,0,0,0,Chinese,Fluent,Cantonese,Conversational,Jazz,Beginner,Blues,Intermediate,Master of Jazz,MusicWorld,,Master of Blue,MusicLive,,CSOL,"I love to play CSOL, welcome to join me!",8,5,CSOL,CSOL,FPS Game,FPS Game,0,1,2023/8/30,2023/9/30,0:00,14:30,true,CSGO,CSGO,true,0,true,true,LOL,Hi!!Anyone play LOL?,8,5,LOL,LOL,Games,Games,1,0,2023/10/30,2023/11/30,12:00,14:30,true,Hero,Hero,true,0,true,true,true
False,eddie123456@gmail.com,eddie1234,eddie123,Hi I am Eddie!!,0,0,0,Chinese,Fluent,Cantonese,Conversational,Jazz,Beginner,Blues,Intermediate,Master of Jazz,MusicWorld,2023,Master of Blue,MusicLive,2022,,"I love to play CSOL, welcome to join me!",8,5,CSOL,CSOL,FPS Game,FPS Game,0,1,2023/8/30,2023/9/30,0:00,14:30,true,CSGO,CSGO,true,0,true,true,,Hi!!Anyone play LOL?,8,5,LOL,LOL,Games,Games,1,0,2023/10/30,2023/11/30,12:00,14:30,true,Hero,Hero,true,0,true,true,true
False,eddie123456@gmail.com,eddie123,eddie1234,Hi I am Eddie!!,0,0,0,Chinese,Fluent,Cantonese,Conversational,Jazz,Beginner,Blues,Intermediate,Master of Jazz,MusicWorld,2023,Master of Blue,MusicLive,2022,CSOL,,8,5,CSOL,CSOL,FPS Game,FPS Game,0,1,2023/8/30,2023/9/30,0:00,14:30,true,CSGO,CSGO,true,0,true,true,LOL,,8,5,LOL,LOL,Games,Games,1,0,2023/10/30,2023/11/30,12:00,14:30,true,Hero,Hero,true,0,true,true,true
False,eddie123456@gmail.com,eddie1234,eddie123,Hi I am Eddie!!,0,0,0,Chinese,Fluent,Cantonese,Conversational,Jazz,Beginner,Blues,Intermediate,Master of Jazz,MusicWorld,2023,Master of Blue,MusicLive,2022,CSOL,"I love to play CSOL, welcome to join me!",,,CSOL,CSOL,FPS Game,FPS Game,0,1,2023/8/30,2023/9/30,0:00,14:30,true,CSGO,CSGO,true,0,true,true,LOL,Hi!!Anyone play LOL?,,,LOL,LOL,Games,Games,1,0,2023/10/30,2023/11/30,12:00,14:30,true,Hero,Hero,true,0,true,true,true
False,eddie123456@gmail.com,eddie123,eddie1234,Hi I am Eddie!!,0,0,0,Chinese,Fluent,Cantonese,Conversational,Jazz,Beginner,Blues,Intermediate,Master of Jazz,MusicWorld,2023,Master of Blue,MusicLive,2022,CSOL,"I love to play CSOL, welcome to join me!",8,5,,,,,0,1,2023/8/30,2023/9/30,0:00,14:30,true,CSGO,CSGO,true,0,true,true,LOL,Hi!!Anyone play LOL?,8,5,,,,,1,0,2023/10/30,2023/11/30,12:00,14:30,true,Hero,Hero,true,0,true,true,true
False,eddie123456@gmail.com,eddie1234,eddie123,Hi I am Eddie!!,0,0,0,Chinese,Fluent,Cantonese,Conversational,Jazz,Beginner,Blues,Intermediate,Master of Jazz,MusicWorld,2023,Master of Blue,MusicLive,2022,CSOL,"I love to play CSOL, welcome to join me!",8,5,CSOL,CSOL,FPS Game,FPS Game,0,1,2023/8/30,2023/9/30,0:00,14:30,true,CSGO,CSGO,true,0,true,true,LOL,Hi!!Anyone play LOL?,8,5,LOL,LOL,Games,Games,1,0,2023/1/30,2023/11/30,12:00,14:30,true,Hero,Hero,true,0,true,true,true
False,eddie123456@gmail.com,eddie123,eddie1234,Hi I am Eddie!!,0,0,0,Chinese,Fluent,Cantonese,Conversational,Jazz,Beginner,Blues,Intermediate,Master of Jazz,MusicWorld,2023,Master of Blue,MusicLive,2022,CSOL,"I love to play CSOL, welcome to join me!",8,5,CSOL,CSOL,FPS Game,FPS Game,0,1,2023/8/30,2023/7/30,0:00,14:30,true,CSGO,CSGO,true,0,true,true,LOL,Hi!!Anyone play LOL?,8,5,LOL,LOL,Games,Games,1,0,2023/10/30,2023/9/30,12:00,14:30,true,Hero,Hero,true,0,true,true,true
False,eddie123456@gmail.com,eddie1234,eddie123,Hi I am Eddie!!,0,0,0,Chinese,Fluent,Cantonese,Conversational,Jazz,Beginner,Blues,Intermediate,Master of Jazz,MusicWorld,2023,Master of Blue,MusicLive,2022,CSOL,"I love to play CSOL, welcome to join me!",8,5,CSOL,CSOL,FPS Game,FPS Game,0,1,2023/8/30,2023/9/30,0:00,14:30,true,,,true,0,true,true,LOL,Hi!!Anyone play LOL?,8,5,LOL,LOL,Games,Games,1,0,2023/10/30,2023/11/30,12:00,14:30,true,,,true,0,true,true,true
False,eddie123456@gmail.com,eddie123,eddie1234,Hi I am Eddie!!,0,0,0,Chinese,Fluent,Cantonese,Conversational,Jazz,Beginner,Blues,Intermediate,Master of Jazz,MusicWorld,2023,Master of Blue,MusicLive,2022,CSOL,"I love to play CSOL, welcome to join me!",8,5,CSOL,CSOL,FPS Game,FPS Game,0,1,2023/8/30,2023/9/30,0:00,14:30,true,CSGO,CSGO,False,0,true,true,LOL,Hi!!Anyone play LOL?,8,5,LOL,LOL,Games,Games,1,0,2023/10/30,2023/11/30,12:00,14:30,true,Hero,Hero,False,0,true,true,true
False,eddie123456@gmail.com,eddie1234,eddie123,Hi I am Eddie!!,0,0,0,Chinese,Fluent,Cantonese,Conversational,Jazz,Beginner,Blues,Intermediate,Master of Jazz,MusicWorld,2023,Master of Blue,MusicLive,2022,CSOL,"I love to play CSOL, welcome to join me!",8,5,CSOL,CSOL,FPS Game,FPS Game,0,1,2023/8/30,2023/9/30,0:00,14:30,true,CSGO,CSGO,true,0,true,False,LOL,Hi!!Anyone play LOL?,8,5,LOL,LOL,Games,Games,1,0,2023/10/30,2023/11/30,12:00,14:30,true,Hero,Hero,true,0,true,true,False
